,$b$,$\sigma(RC)$,$Q$,$o$,$\sigma(o)$,$b$err,$\sigma(RC)$err,$Q$err,$o$err,$\sigma(o)$err
0,-1.71138273385,0.083094099144,0.286176199258,0.660426288269,0.109176648596,0.0209094381435,0.0125744326555,0.0227655731708,0.0129660664501,0.00883227166789
